{"accuracy": 0.5146269690150597, "f1_score": 0.49333974682631226, "recall": 0.5146269690150597, "precision": 0.4996245809185517}