{"recall class 1": 0.8288085768632197, "recall class 2": 0.6897803908006225}